{"cameraMode":{"drawMode":0,"name":"Shaded","section":"Shading Mode"},"sceneLighting":true,"audioPlay":false,"sceneViewState":{"m_AlwaysRefresh":false,"showFog":true,"showSkybox":true,"showFlares":true,"showImageEffects":true,"showParticleSystems":true,"showVisualEffectGraphs":true,"m_FxEnabled":true},"in2DMode":false,"pivot":{"x":0.3049686849117279,"y":0.9450972676277161,"z":0.37112337350845339},"rotation":{"x":-0.06304296851158142,"y":0.08253955841064453,"z":0.005231843329966068,"w":0.9945780038833618},"size":1.847089171409607,"orthographic":false}